{"Kin":[27.999199,29.998711,31.993416,33.999256,36.005116,38.006153,40.012012,42.017872,44.018909,46.024769,48.025806],"Rig":[108.473701,244.831528,461.019409,750.427856,1105.690308,1519.465576,1988.079102,2505.464844,3065.572754,3666.908203,4302.786621],"t":[1,2,3,4,5,6,7,8,9,10,11]}
